{"Mat.-vec. mul.": 0.0030357629293575883, "Mat. mul.": 0.580783629184589, "Vec. norm": 0.002571379067376256, "Mat. det.": 0.6412868059705943, "Inverse": 1.2138177000219002, "Eigenvalue": 25.52049475896638, "SVD": 10.810771833988838, "QR": 2.622612730017863, "Cholesky": 0.6626613299595192}