{"Mat.-vec. mul.": 0.019045458058826625, "Mat. mul.": 2.213643632014282, "Vec. norm": 0.00045431102626025677, "Mat. det.": 2.336424781009555, "Inverse": 5.805709381005727, "Eigenvalue": 138.5622854270041, "SVD": 75.58268612902611, "QR": 15.62479082797654, "Cholesky": 2.4468259509885684}