{"Mat.-vec. mul.": 0.02407128002960235, "Mat. mul.": 2.8971819640137255, "Vec. norm": 0.00021722493693232536, "Mat. det.": 6.31794054294005, "Inverse": 12.986068908008747, "Eigenvalue": 226.02013946895022, "SVD": 229.28273998608347, "QR": 34.63358571392018, "Cholesky": 7.5479977640789}