{"Mat.-vec. mul.": 0.0034898860612884164, "Mat. mul.": 0.4007978499867022, "Vec. norm": 9.06109344214201e-05, "Mat. det.": 1.822748131933622, "Inverse": 1.7769384239800274, "Eigenvalue": 29.754733701935038, "SVD": 23.829486940987408, "QR": 6.0706532129552215, "Cholesky": 0.8788232490187511}